Predictor variable,Categorical,Sample average
bio1,false,145.3953488372093
bio12,false,881.2906976744187
bio14,false,39.51162790697674
bio19,false,265.8720930232558
bio2,false,107.76744186046511
bio3,false,49.06976744186046
bio6,false,42.96511627906977
bio8,false,145.30232558139534
